{"cameraMode":{"drawMode":0,"name":"Shaded","section":"Shading Mode"},"sceneLighting":false,"audioPlay":false,"sceneViewState":{"m_AlwaysRefresh":false,"showFog":true,"showSkybox":false,"showFlares":true,"showImageEffects":true,"showParticleSystems":true,"showVisualEffectGraphs":true,"m_FxEnabled":true},"in2DMode":false,"pivot":{"x":0.6212776303291321,"y":1.1291422843933106,"z":0.2625867426395416},"rotation":{"x":-0.008882340975105763,"y":-0.9908544421195984,"z":0.10623666644096375,"w":-0.08282284438610077},"size":1.3156026601791382,"orthographic":true}